{
	"id": "09c07896-d1e9-4aff-bacb-c10b4ffa5017",
	"name": "PetChallenge",
	"description": null,
	"auth": null,
	"events": null,
	"variables": null,
	"order": [
		"39427f6c-8479-4356-8351-2cd263e37084",
		"af9ef3f0-debc-416d-9bf2-d2f09e529c7f",
		"872a450e-0e02-4904-87f2-d404280fbdcb",
		"64ae4b1b-b2a6-4f0f-9446-9ca5ef197c27",
		"17778626-49e3-42b2-b3a3-5b26b957c26e",
		"6df0efc0-431b-406d-a944-d240b3269ed7",
		"bb769fbb-42bc-40be-bc49-a9bfdb0f84ef",
		"48682d18-e592-4a4f-8cb1-52025b8434be",
		"730e04a6-0254-477c-935f-87b6ccde3477",
		"1f480ba6-f531-4243-bc6e-3e0c2044b92b",
		"5873181e-ede8-4e31-9ef3-e8052aedf70c",
		"90fdcb52-8946-4e6f-b524-9b8e439c4a3f",
		"4dd629fb-1c3a-4f71-aa8f-380ce862bfa5",
		"3a0f5e08-88e9-44c6-a5a7-7e5a6bdfa732",
		"fb7428db-4336-4455-80a8-77328a28d77d",
		"6678f336-6948-4037-9cb4-b0d4a3bc6e90"
	],
	"folders_order": [],
	"folders": [],
	"requests": [
		{
			"id": "17778626-49e3-42b2-b3a3-5b26b957c26e",
			"name": "http://petstore.swagger.io/v2/pet/123654",
			"url": "http://petstore.swagger.io/v2/pet/123654",
			"description": "Delete Pet with Id = 123654",
			"data": [
				{
					"key": "api_key",
					"value": "special-key",
					"description": "",
					"type": "text",
					"enabled": true
				}
			],
			"dataMode": "params",
			"headerData": [
				{
					"key": "Content-Type",
					"value": "application/json",
					"description": "",
					"enabled": true
				}
			],
			"method": "DELETE",
			"pathVariableData": [],
			"queryParams": [],
			"auth": {
				"type": "noauth"
			},
			"events": [],
			"folder": null,
			"headers": "Content-Type: application/json\n",
			"pathVariables": {}
		},
		{
			"id": "1f480ba6-f531-4243-bc6e-3e0c2044b92b",
			"name": "http://petstore.swagger.io/v2/pet/12365",
			"url": "http://petstore.swagger.io/v2/pet/12365",
			"description": "Change name of pet",
			"data": [
				{
					"key": "name",
					"value": "lol",
					"description": "",
					"type": "text",
					"enabled": true
				}
			],
			"dataMode": "urlencoded",
			"headerData": [
				{
					"key": "Content-Type",
					"value": "application/x-www-form-urlencoded",
					"description": ""
				}
			],
			"method": "POST",
			"pathVariableData": [],
			"queryParams": [],
			"auth": null,
			"events": [],
			"folder": null,
			"headers": "Content-Type: application/x-www-form-urlencoded\n",
			"pathVariables": {}
		},
		{
			"id": "39427f6c-8479-4356-8351-2cd263e37084",
			"name": "http://petstore.swagger.io/v2/pet",
			"url": "http://petstore.swagger.io/v2/pet",
			"description": "Positive input",
			"data": [],
			"dataMode": "raw",
			"headerData": [
				{
					"key": "Content-Type",
					"value": "application/json",
					"description": "",
					"enabled": true
				}
			],
			"method": "POST",
			"pathVariableData": [],
			"queryParams": [],
			"auth": null,
			"events": [],
			"folder": null,
			"rawModeData": "{\r\n  \"id\": 123654,\r\n  \"category\": {\r\n    \"id\": 54875,\r\n    \"name\": \"SuperDogs\"\r\n  },\r\n  \"name\": \"demodog\",\r\n  \"photoUrls\": [\r\n    \"string\"\r\n  ],\r\n  \"tags\": [\r\n    {\r\n      \"id\": 65912,\r\n      \"name\": \"testDemo\"\r\n    }\r\n  ],\r\n  \"status\": \"available\"\r\n}",
			"headers": "Content-Type: application/json\n",
			"pathVariables": {}
		},
		{
			"id": "3a0f5e08-88e9-44c6-a5a7-7e5a6bdfa732",
			"name": "http://petstore.swagger.io/v2/pet/findByStatus?status=sold",
			"url": "http://petstore.swagger.io/v2/pet/findByStatus?status=sold",
			"description": "Find all pets with status \"Sold\"",
			"data": null,
			"dataMode": "params",
			"headerData": [
				{
					"key": "Content-Type",
					"value": "application/json",
					"description": "",
					"enabled": true
				}
			],
			"method": "GET",
			"pathVariableData": [],
			"queryParams": [
				{
					"key": "status",
					"value": "sold",
					"equals": true,
					"description": "",
					"enabled": true
				}
			],
			"auth": {
				"type": "noauth"
			},
			"events": [],
			"folder": null,
			"headers": "Content-Type: application/json\n",
			"pathVariables": {}
		},
		{
			"id": "48682d18-e592-4a4f-8cb1-52025b8434be",
			"name": "http://petstore.swagger.io/v2/pet",
			"url": "http://petstore.swagger.io/v2/pet",
			"description": "Positive test case:\nCreation Pet with name on China language",
			"data": [],
			"dataMode": "raw",
			"headerData": [
				{
					"key": "Content-Type",
					"value": "application/json",
					"description": "",
					"enabled": true
				}
			],
			"method": "POST",
			"pathVariableData": [],
			"queryParams": [],
			"auth": null,
			"events": [],
			"folder": null,
			"rawModeData": "{\r\n  \"id\": 13546,\r\n  \"category\": {\r\n    \"id\": 84547,\r\n    \"name\": \"whiteDogs\"\r\n  },\r\n  \"name\": \"小猫\",\r\n  \"photoUrls\": [\r\n    \"string\"\r\n  ],\r\n  \"tags\": [\r\n    {\r\n      \"id\": 87975,\r\n      \"name\": \"testTag\"\r\n    }\r\n  ],\r\n  \"status\": \"available\"\r\n}",
			"headers": "Content-Type: application/json\n",
			"pathVariables": {}
		},
		{
			"id": "4dd629fb-1c3a-4f71-aa8f-380ce862bfa5",
			"name": "http://petstore.swagger.io/v2/pet/12365",
			"url": "http://petstore.swagger.io/v2/pet/12365",
			"description": "Check that status was changed to sold with id = 12365",
			"data": null,
			"dataMode": "params",
			"headerData": [
				{
					"key": "Content-Type",
					"value": "application/json",
					"description": "",
					"enabled": true
				}
			],
			"method": "GET",
			"pathVariableData": [],
			"queryParams": [],
			"auth": {
				"type": "noauth"
			},
			"events": [],
			"folder": null,
			"headers": "Content-Type: application/json\n",
			"pathVariables": {}
		},
		{
			"id": "5873181e-ede8-4e31-9ef3-e8052aedf70c",
			"name": "http://petstore.swagger.io/v2/pet/12365",
			"url": "http://petstore.swagger.io/v2/pet/12365",
			"description": "Check changes oof pet name with Id = 12365",
			"data": null,
			"dataMode": "params",
			"headerData": [
				{
					"key": "Content-Type",
					"value": "application/json",
					"description": "",
					"enabled": true
				}
			],
			"method": "GET",
			"pathVariableData": [],
			"queryParams": [],
			"auth": {
				"type": "noauth"
			},
			"events": [],
			"folder": null,
			"headers": "Content-Type: application/json\n",
			"pathVariables": {}
		},
		{
			"id": "64ae4b1b-b2a6-4f0f-9446-9ca5ef197c27",
			"name": "http://petstore.swagger.io/v2/pet/123654",
			"url": "http://petstore.swagger.io/v2/pet/123654",
			"description": "Check changes of pet name",
			"data": null,
			"dataMode": "params",
			"headerData": [
				{
					"key": "Content-Type",
					"value": "application/json",
					"description": "",
					"enabled": true
				}
			],
			"method": "GET",
			"pathVariableData": [],
			"queryParams": [],
			"auth": {
				"type": "noauth"
			},
			"events": [],
			"folder": null,
			"headers": "Content-Type: application/json\n",
			"pathVariables": {}
		},
		{
			"id": "6678f336-6948-4037-9cb4-b0d4a3bc6e90",
			"name": "http://petstore.swagger.io/v2/store/order/4563",
			"url": "http://petstore.swagger.io/v2/store/order/4563",
			"description": "Check if order with Id = 4563 has been created",
			"data": [],
			"dataMode": "raw",
			"headerData": [
				{
					"key": "Content-Type",
					"value": "application/json",
					"description": ""
				}
			],
			"method": "GET",
			"pathVariableData": [],
			"queryParams": [],
			"auth": null,
			"events": [],
			"folder": null,
			"rawModeData": "{\r\n  \"id\": 4563,\r\n  \"petId\": 12365,\r\n  \"quantity\": 5,\r\n  \"shipDate\": \"2018-05-13T12:20:52.344Z\",\r\n  \"status\": \"placed\",\r\n  \"complete\": false\r\n}",
			"headers": "Content-Type: application/json\n",
			"pathVariables": {}
		},
		{
			"id": "6df0efc0-431b-406d-a944-d240b3269ed7",
			"name": "http://petstore.swagger.io/v2/pet/123654",
			"url": "http://petstore.swagger.io/v2/pet/123654",
			"description": "Check that Pet with Id =  123654 was deleted from database",
			"data": null,
			"dataMode": "params",
			"headerData": [
				{
					"key": "Content-Type",
					"value": "application/json",
					"description": "",
					"enabled": true
				}
			],
			"method": "GET",
			"pathVariableData": [],
			"queryParams": [],
			"auth": {
				"type": "noauth"
			},
			"events": [],
			"folder": null,
			"headers": "Content-Type: application/json\n",
			"pathVariables": {}
		},
		{
			"id": "730e04a6-0254-477c-935f-87b6ccde3477",
			"name": "http://petstore.swagger.io/v2/pet",
			"url": "http://petstore.swagger.io/v2/pet",
			"description": "Negative case:\nCreation Pet with Id is number with float point\nExpected result: error message with description of error",
			"data": [],
			"dataMode": "raw",
			"headerData": [
				{
					"key": "Content-Type",
					"value": "application/json",
					"description": "",
					"enabled": true
				}
			],
			"method": "POST",
			"pathVariableData": [],
			"queryParams": [],
			"auth": null,
			"events": [],
			"folder": null,
			"rawModeData": "{\r\n  \"id\": 12365.4,\r\n  \"category\": {\r\n    \"id\": 54875,\r\n    \"name\": \"SuperDogs\"\r\n  },\r\n  \"name\": \"demodogTest\",\r\n  \"photoUrls\": [\r\n    \"string\"\r\n  ],\r\n  \"tags\": [\r\n    {\r\n      \"id\": 65912,\r\n      \"name\": \"testDemo\"\r\n    }\r\n  ],\r\n  \"status\": \"available\"\r\n}",
			"headers": "Content-Type: application/json\n",
			"pathVariables": {}
		},
		{
			"id": "872a450e-0e02-4904-87f2-d404280fbdcb",
			"name": "http://petstore.swagger.io/v2/pet",
			"url": "http://petstore.swagger.io/v2/pet",
			"description": "Change name from demodog to demodogTest",
			"data": [],
			"dataMode": "raw",
			"headerData": [
				{
					"key": "Content-Type",
					"value": "application/json",
					"description": "",
					"enabled": true
				}
			],
			"method": "PUT",
			"pathVariableData": [],
			"queryParams": [],
			"auth": null,
			"events": [],
			"folder": null,
			"rawModeData": "{\r\n  \"id\": 123654,\r\n  \"category\": {\r\n    \"id\": 54875,\r\n    \"name\": \"SuperDogs\"\r\n  },\r\n  \"name\": \"demodogTest\",\r\n  \"photoUrls\": [\r\n    \"string\"\r\n  ],\r\n  \"tags\": [\r\n    {\r\n      \"id\": 65912,\r\n      \"name\": \"testDemo\"\r\n    }\r\n  ],\r\n  \"status\": \"available\"\r\n}",
			"headers": "Content-Type: application/json\n",
			"pathVariables": {}
		},
		{
			"id": "90fdcb52-8946-4e6f-b524-9b8e439c4a3f",
			"name": "http://petstore.swagger.io/v2/pet/12365",
			"url": "http://petstore.swagger.io/v2/pet/12365",
			"description": "Change status of Pet with Id = 12365",
			"data": [
				{
					"key": "status",
					"value": "sold",
					"description": "",
					"type": "text",
					"enabled": true
				}
			],
			"dataMode": "urlencoded",
			"headerData": [
				{
					"key": "Content-Type",
					"value": "application/x-www-form-urlencoded",
					"description": ""
				}
			],
			"method": "POST",
			"pathVariableData": [],
			"queryParams": [],
			"auth": null,
			"events": [],
			"folder": null,
			"headers": "Content-Type: application/x-www-form-urlencoded\n",
			"pathVariables": {}
		},
		{
			"id": "af9ef3f0-debc-416d-9bf2-d2f09e529c7f",
			"name": "http://petstore.swagger.io/v2/pet/123654",
			"url": "http://petstore.swagger.io/v2/pet/123654",
			"description": "Get Pet with id = 123654",
			"data": null,
			"dataMode": "params",
			"headerData": [
				{
					"key": "Content-Type",
					"value": "application/json",
					"description": "",
					"enabled": true
				}
			],
			"method": "GET",
			"pathVariableData": [],
			"queryParams": [],
			"auth": {
				"type": "noauth"
			},
			"events": [],
			"folder": null,
			"headers": "Content-Type: application/json\n",
			"pathVariables": {}
		},
		{
			"id": "bb769fbb-42bc-40be-bc49-a9bfdb0f84ef",
			"name": "http://petstore.swagger.io/v2/pet",
			"url": "http://petstore.swagger.io/v2/pet",
			"description": "Negative Test Case: Create pet with negative Pet Id",
			"data": [],
			"dataMode": "raw",
			"headerData": [
				{
					"key": "Content-Type",
					"value": "application/json",
					"description": "",
					"enabled": true
				}
			],
			"method": "POST",
			"pathVariableData": [],
			"queryParams": [],
			"auth": null,
			"events": [],
			"folder": null,
			"rawModeData": "{\r\n  \"id\": -102,\r\n  \"category\": {\r\n    \"id\": 84547,\r\n    \"name\": \"whiteDogs\"\r\n  },\r\n  \"name\": \"petty\",\r\n  \"photoUrls\": [\r\n    \"string\"\r\n  ],\r\n  \"tags\": [\r\n    {\r\n      \"id\": 87975,\r\n      \"name\": \"testTag\"\r\n    }\r\n  ],\r\n  \"status\": \"available\"\r\n}",
			"headers": "Content-Type: application/json\n",
			"pathVariables": {}
		},
		{
			"id": "fb7428db-4336-4455-80a8-77328a28d77d",
			"name": "http://petstore.swagger.io/v2/store/order",
			"url": "http://petstore.swagger.io/v2/store/order",
			"description": "Create order for det with Id = 4563",
			"data": [],
			"dataMode": "raw",
			"headerData": [
				{
					"key": "Content-Type",
					"value": "application/json",
					"description": ""
				}
			],
			"method": "POST",
			"pathVariableData": [],
			"queryParams": [],
			"auth": null,
			"events": [],
			"folder": null,
			"rawModeData": "{\r\n  \"id\": 4563,\r\n  \"petId\": 12365,\r\n  \"quantity\": 5,\r\n  \"shipDate\": \"2018-05-13T12:20:52.344Z\",\r\n  \"status\": \"placed\",\r\n  \"complete\": false\r\n}",
			"headers": "Content-Type: application/json\n",
			"pathVariables": {}
		}
	]
}